"0","# Find participants who appear only in the baseline dataset"
"0","baseline_only ="
"0","  baseline_data |>"
"0","  anti_join("
"0","    amyloid_data |>"
"0","      distinct(id),"
"0","    by = ""id"""
"0","  )"
"0",""
"0","# Find participants who appear only in the amyloid dataset"
"0","amyloid_only ="
"0","  amyloid_data |>"
"0","  distinct(id) |>"
"0","  anti_join("
"0","    baseline_data,"
"0","    by = ""id"""
"0","  )"
"0",""
"0","nrow(baseline_only)"
"1","[1]"
"1"," 8"
"1","
"
"0","nrow(amyloid_only)"
"1","[1]"
"1"," 16"
"1","
"
