"0","# Calculate the total weight collected by Professor Trash Wheel"
"0","professor_total_weight ="
"0","  trash_wheel_data |>"
"0","  filter(trash_wheel == ""Professor Trash Wheel"") |>"
"0","  summarize("
"0","    total_weight = sum(weight_tons, na.rm = TRUE)"
"0","  ) |>"
"0","  pull(total_weight)"
"0",""
"0","# Calculate cigarette butts collected by Gwynnda in June 2022"
"0","gwynnda_june_2022 ="
"0","  trash_wheel_data |>"
"0","  filter("
"0","    trash_wheel == ""Gwynnda"","
"0","    year == 2022,"
"0","    month == ""June"""
"0","  ) |>"
"0","  summarize("
"0","    total_cigarette_butts = sum(cigarette_butts, na.rm = TRUE)"
"0","  ) |>"
"0","  pull(total_cigarette_butts)"
