"0","# Import and clean the Professor Trash Wheel data"
"0","professor_trash ="
"0","  read_excel("
"0","    ""data/202610 Trash Wheel Collection Data.xlsx"","
"0","    sheet = ""Professor Trash Wheel"","
"0","    range = ""A2:M140"""
"0","  ) |>"
"0","  clean_names() |>"
"0","  filter(!is.na(dumpster)) |>"
"0","  mutate("
"0","    trash_wheel = ""Professor Trash Wheel"""
"0","  )"
"0",""
"0","dim(professor_trash)"
"1","[1]"
"1"," 137"
"1","  14"
"1","
"
"0","names(professor_trash)"
"1"," [1]"
"1"," ""dumpster""          "
"1"," ""month""             "
"1"," ""year""              "
"1","
"
"1"," [4]"
"1"," ""date""              "
"1"," ""weight_tons""       "
"1"," ""volume_cubic_yards"""
"1","
"
"1"," [7]"
"1"," ""plastic_bottles""   "
"1"," ""polystyrene""       "
"1"," ""cigarette_butts""   "
"1","
"
"1","[10]"
"1"," ""glass_bottles""     "
"1"," ""plastic_bags""      "
"1"," ""wrappers""          "
"1","
"
"1","[13]"
"1"," ""homes_powered""     "
"1"," ""trash_wheel""       "
"1","
"
