"0","# Count distinct subway stations"
"0","subway_clean |>"
"0","  distinct(line, station_name) |>"
"0","  nrow()"
"1","[1]"
"1"," 465"
"1","
"
"0","# Count distinct ADA-compliant stations"
"0","subway_clean |>"
"0","  filter(ada == TRUE) |>"
"0","  distinct(line, station_name) |>"
"0","  nrow()"
"1","[1]"
"1"," 84"
"1","
"
"0","# Calculate the proportion of entrances without vending that allow entry"
"0","subway_clean |>"
"0","  filter(vending == ""NO"") |>"
"0","  summarize("
"0","    proportion_entry = mean(entry)"
"0","  )"
