"0","# Import and clean the baseline demographic data"
"0","baseline_data ="
"0","  read_csv("
"0","    ""data/MCI_baseline.csv"","
"0","    skip = 1,"
"0","    na = ""."""
"0","  ) |>"
"0","  clean_names() |>"
"0","  mutate("
"0","    sex = factor("
"0","      sex,"
"0","      levels = c(0, 1),"
"0","      labels = c(""Female"", ""Male"")"
"0","    ),"
"0","    apoe4 = factor("
"0","      apoe4,"
"0","      levels = c(0, 1),"
"0","      labels = c(""Non-carrier"", ""Carrier"")"
"0","    )"
"0","  ) |>"
"0","  filter("
"0","    is.na(age_at_onset) | age_at_onset > current_age"
"0","  )"
