"0","library(readxl)"
"0",""
"0","# Import and clean the Mr. Trash Wheel data"
"0","mr_trash ="
"0","  read_excel("
"0","    ""data/202610 Trash Wheel Collection Data.xlsx"","
"0","    sheet = ""Mr. Trash Wheel"","
"0","    range = ""A2:N743"""
"0","  ) |>"
"0","  clean_names() |>"
"0","  filter(!is.na(dumpster)) |>"
"0","  mutate("
"0","    sports_balls = as.integer(round(sports_balls)),"
"0","    trash_wheel = ""Mr. Trash Wheel"""
"0","  )"
"0",""
"0","dim(mr_trash)"
"1","[1]"
"1"," 740"
"1","  15"
"1","
"
"0","names(mr_trash)"
"1"," [1]"
"1"," ""dumpster""          "
"1"," ""month""             "
"1"," ""year""              "
"1","
"
"1"," [4]"
"1"," ""date""              "
"1"," ""weight_tons""       "
"1"," ""volume_cubic_yards"""
"1","
"
"1"," [7]"
"1"," ""plastic_bottles""   "
"1"," ""polystyrene""       "
"1"," ""cigarette_butts""   "
"1","
"
"1","[10]"
"1"," ""glass_bottles""     "
"1"," ""plastic_bags""      "
"1"," ""wrappers""          "
"1","
"
"1","[13]"
"1"," ""sports_balls""      "
"1"," ""homes_powered""     "
"1"," ""trash_wheel""       "
"1","
"
