"0","# Import and tidy the longitudinal amyloid data"
"0","amyloid_data ="
"0","  read_csv("
"0","    ""data/mci_amyloid.csv"","
"0","    skip = 1,"
"0","    na = c(""."", ""NA"", ""Na"")"
"0","  ) |>"
"0","  clean_names() |>"
"0","  pivot_longer("
"0","    cols = -study_id,"
"0","    names_to = ""visit"","
"0","    values_to = ""amyloid_ratio"""
"0","  ) |>"
"0","  rename("
"0","    id = study_id"
"0","  ) |>"
"0","  mutate("
"0","    amyloid_ratio = as.numeric(amyloid_ratio)"
"0","  ) |>"
"0","  filter("
"0","    !is.na(amyloid_ratio)"
"0","  )"
