"0","library(readr)"
"0","library(dplyr)"
"0","library(tidyr)"
"0","library(janitor)"
"0",""
"0","# Import the NYC subway entrance/exit data"
"0","subway_data ="
"0","  read_csv(""data/NYC_Transit_Subway_Entrance_And_Exit_Data.csv"") |>"
"0","  clean_names()"
"0",""
"0","names(subway_data)"
"1"," [1]"
"1"," ""division""          "
"1"," ""line""              "
"1"," ""station_name""      "
"1","
"
"1"," [4]"
"1"," ""station_latitude""  "
"1"," ""station_longitude"" "
"1"," ""route1""            "
"1","
"
"1"," [7]"
"1"," ""route2""            "
"1"," ""route3""            "
"1"," ""route4""            "
"1","
"
"1","[10]"
"1"," ""route5""            "
"1"," ""route6""            "
"1"," ""route7""            "
"1","
"
"1","[13]"
"1"," ""route8""            "
"1"," ""route9""            "
"1"," ""route10""           "
"1","
"
"1","[16]"
"1"," ""route11""           "
"1"," ""entrance_type""     "
"1"," ""entry""             "
"1","
"
"1","[19]"
"1"," ""exit_only""         "
"1"," ""vending""           "
"1"," ""staffing""          "
"1","
"
"1","[22]"
"1"," ""staff_hours""       "
"1"," ""ada""               "
"1"," ""ada_notes""         "
"1","
"
"1","[25]"
"1"," ""free_crossover""    "
"1"," ""north_south_street"""
"1"," ""east_west_street""  "
"1","
"
"1","[28]"
"1"," ""corner""            "
"1"," ""entrance_latitude"" "
"1"," ""entrance_longitude"""
"1","
"
"1","[31]"
"1"," ""station_location""  "
"1"," ""entrance_location"" "
"1","
"
